feature,importance
last3_oil_price_min,0.07092900640038356
oil_price_d,0.06714157656832286
last3_oil_price_avg,0.0620920043522941
oil_rolling_avg_7d,0.061680492372599975
oil_price_d_minus1,0.05744390803822608
oil_rolling_avg_5d,0.05099684492453369
last3_oil_price_max,0.0483803052953045
oil_price_7d_ago,0.045850441360707234
oil_rolling_avg_14d,0.04463353617769791
oil_price_d_minus2,0.04441243799337373
oil_price_14d_ago,0.02756350848683946
oil_pct_change_14d,0.009042289346441962
oil_price_vs_avg14,0.00879371816024532
oil_price_vs_avg7,0.008238688250938785
oil_pct_change_5d,0.007221710967355403
oil_range_3d,0.0071433299911352515
oil_pct_change_7d,0.007078765705925608
oil_pct_change_3d,0.0065209968250032726
last3_oil_price_std,0.006480601272134772
last3_oil_price_change,0.006402766922255873
oil_price_vs_avg5,0.0063434926428213535
oil_price_vs_avg3,0.006146704008088936
oil_pct_change_1d,0.005504511409082673
oil_momentum_2d,0.0052318599773872425
oil_momentum_1d,0.005225032394805247
oil_streak_5d,0.004851238601775752
oil_acceleration,0.004574386749744618
oil_pct_change_2d,0.0045707035377317825
last3_aggressive_present,0.00449934451078705
last3_positive_tweets,0.004167864018528602
last3_mfa_russia_count,0.004134012067766428
last3_peace_topic_count_ratio,0.004068009321341886
oil_streak,0.003955454820194547
oil_up_3d,0.00388490182003042
russia_tweet_ratio,0.0037877319717255025
word_russia,0.0034260248040496794
last3_usa_topic_count,0.003415949241088103
word_mfarussia,0.0033279660549774825
last3_aggressive_ratio,0.0032941097967572504
last3_war_topic_count_ratio,0.0032404898864106563
last3_russia_topic_count_ratio,0.0029818662095397173
word_world,0.0028165743185861836
word_attack,0.0028038404909937515
last3_IDF_count,0.002789968825190864
word_sergey,0.0027816393414674895
word_israel,0.0027319229208283163
last3_usa_topic_count_ratio,0.0026588219937061066
last3_negative_tweets,0.002609688997359314
last3_tweet_count,0.0025416813713495215
oil_up_1d,0.0025328370413241746
last3_economy_topic_count_ratio,0.0024971084424199002
word_including,0.0024370868775386995
word_ukrainian,0.00240657067501351
word_year,0.0023752801937041395
word_fm,0.002374183802488174
last3_russia_topic_count,0.0023337974435891705
last3_iran_topic_count_ratio,0.0023131171046326575
last3_israel_lebanon_topic_count,0.0022692378341111147
last3_total_topic_count,0.00223024598166659
word_years,0.0021900817776936694
word_donald,0.0021552726039123
word_president,0.002146660330375314
word_nation,0.0021381524843338716
word_russian,0.0021196258843334125
last3_neutral_tweets,0.002104183812465192
last3_max_sentiment,0.0020684706734596554
oil_up_2d,0.0020461974218511903
last3_sentiment_std,0.0020458592955900756
last3_avg_sentiment,0.0020050511824321765
last3_mfa_russia_avg_sentiment,0.0019406980750822618
word_national,0.0019275948811668365
word_house,0.0019006697069947752
word_continue,0.0018524310600479162
word_biden,0.001848127161275323
last3_WhiteHouse_count,0.0018410876857212913
idf_tweet_ratio,0.0018158095502795013
word_countries,0.0018120150009759794
word_lebanon,0.0018014004351741013
word_victory,0.0017983737557903893
last3_oil_energy_topic_count,0.001791376721699861
word_hezbollah,0.0017759578020357188
word_american,0.0017746804251866292
word_time,0.0017657871887333458
last3_WhiteHouse_avg_sentiment,0.001765289931005242
word_international,0.001757958858984221
word_eliminated,0.0017520364334950834
word_states,0.0017012040276060266
last3_oil_energy_topic_count_ratio,0.0016920786347284782
last3_weather_natural_topic_count,0.0016732092360756507
word_trump,0.0016295200401683283
word_iran,0.0016264909615840092
word_live,0.00161953031734631
last3_war_topic_count,0.0015773338599433624
last3_araghchi_count,0.0015743475248342778
last3_israel_lebanon_topic_count_ratio,0.0015632548151661883
last3_min_sentiment,0.0015612254710140499
word_southern,0.0015527756933337274
word_military,0.0015518384921315988
word_december,0.0015182895376430517
word_relations,0.0015072432777557061
word_order,0.0015047946191343428
last3_IRIMFA_EN_count,0.001497899192678912
araghchi_tweet_ratio,0.001477505196427426
word_day,0.001470752051927498
last3_tweet_change,0.0014623898262572424
last3_market_sentiment_topic_count_ratio,0.001457000795488739
word_issues,0.001447656461308539
word_economic,0.0014314513389032408
word_people,0.0014227680181709737
word_alien,0.0014145494160129539
last3_araghchi_avg_sentiment,0.0014132111673755708
word_weapons,0.0014008396080565878
last3_economy_topic_count,0.0013763457920537895
word_idf,0.0013685766652425458
word_joint,0.001367046370841496
word_briefing,0.0013669733138019521
word_maria,0.0013658844408134159
word_government,0.001359201091961006
word_just,0.0013590807582545708
word_women,0.0013546009608868218
word_administration,0.0013363023853109632
word_signed,0.0013343423588475195
last3_opec_topic_count,0.0013341875956898355
word_regime,0.0013337110036848523
word_foreign,0.0013123520174045016
word_make,0.0013055582316892406
word_united,0.00129244059249634
word_infrastructure,0.0012881120343377227
last3_aggressive_count,0.0012671935295621264
word_com,0.0012633126261960548
word_held,0.0012363653870336444
word_fms,0.0012296860429404006
word_republic,0.0012291905752133498
word_bilateral,0.0012181029728566943
word_west,0.0012159931658685679
word_gov,0.0012134138394190525
word_americans,0.001211313721408357
last3_opec_topic_count_ratio,0.0012096919433447195
word_struck,0.0012063709504509376
word_hamas,0.0011978709427452145
word_lavrov,0.0011903244203410365
word_minister,0.001185632461578546
word_tax,0.0011689418176921928
last3_netanyahu_count,0.0011683742384579925
word_diplomatic,0.0011680455481361247
word_terrorist,0.001160113009864334
word_islamic,0.0011566461089838275
word_law,0.0011474739733709648
word_read,0.0011423029271736558
last3_china_topic_count,0.0011279085275595886
word_february,0.001126472408752927
last3_POTUS_count,0.0011245788715419918
last3_IDF_avg_sentiment,0.0011234418613675797
word_state,0.0011191728056281157
last3_iran_topic_count,0.0011172783907148006
word_criminal,0.0011165806190869272
word_peace,0.0011141116578568082
word_area,0.00110808092955193
word_america,0.0011076948988637209
word_abbas,0.0010923903725728948
word_terror,0.001089784616882606
word_ministry,0.001080042844142671
last3_IRIMFA_EN_avg_sentiment,0.0010557523694334388
word_secretary,0.001048067749116646
word_today,0.0010460252317918885
word_january,0.0010383929590188992
word_ukraine,0.0010336997487128377
word_border,0.001032094905417113
last3_netanyahu_avg_sentiment,0.0010058955234888084
word_troops,0.00099838688524446
word_minnesota,0.0009983821546934682
word_telephone,0.000997640179482697
word_security,0.0009952804537083169
word_press,0.000984603736921789
word_policy,0.0009823867264315879
word_prices,0.0009781734177821417
word_partnership,0.0009721463076203676
word_real,0.000966398792052114
last3_weather_natural_topic_count_ratio,0.0009640176134825936
word_country,0.0009616970571757907
word_remarks,0.0009595219581607411
word_vladimir,0.0009546643288863443
word_families,0.0009527246949732675
word_violation,0.0009508341639074689
word_putin,0.0009503759087116894
word_new,0.0009480923032434335
word_assault,0.0009480895192337137
word_great,0.0009474082896319737
last3_khamenei_ir_avg_sentiment,0.0009328438662014534
word_citizens,0.0009246707829182088
word_iranian,0.0009136903680656614
word_history,0.0008973876548739028
word_ceasefire,0.0008938091213546725
last3_peace_topic_count,0.0008811546199212643
word_araghchi,0.0008634152703164618
last3_market_sentiment_topic_count,0.0008602145727605576
word_working,0.0008532344282864711
word_talks,0.0008416412432396336
word_western,0.0008407839107294775
word_ice,0.0008389447536168437
word_act,0.0008386841408062866
word_kiev,0.0008377841632296509
word_political,0.0008348163997344046
last3_khamenei_ir_count,0.0008314472716828565
word_media,0.0008244760307260686
word_seyed,0.0008226931161983398
word_watch,0.0008151674524166214
word_war,0.0008151651651505072
word_th,0.0008147229186610029
word_convicted,0.0008129981513910962
word_conversation,0.000812021474904421
word_news,0.0007971949869197123
word_like,0.0007760418415647286
word_meeting,0.0007631659366523001
word_following,0.0007452532992272982
word_met,0.0007379418238948189
last3_china_topic_count_ratio,0.0007376382431915577
word_illegal,0.0007374874838141798
word_anniversary,0.0007241096158937668
word_forum,0.0007006081933896737
word_thanks,0.0006927436577821827
word_al,0.0006700906992736525
word_health,0.0006635464479695201
last3_realDonaldTrump_avg_sentiment,0.0006628331550227611
word_affairs,0.0006592552939496176
word_gaza,0.0006581801573565114
word_god,0.0006513410280049852
word_children,0.0006439438085363272
word_moscow,0.0006421065428125903
word_zakharova,0.000625847780246971
word_pm,0.0005911068698213842
word_cooperation,0.0005841152705230489
word_conference,0.000577677376080861
last3_realDonaldTrump_count,0.0005637394842861394
word_hold,0.0005506172405287756
word_home,0.0005181950983971841
word_terrorists,0.0005156631865646092
word_second,0.00033764920230708653
word_christmas,0.00023857516650933622
last3_POTUS_avg_sentiment,0.0
