date,text,publisher,oil_price,oil_open,oil_high,oil_low,oil_volume,oil_change_percent
2025-12-01,EMPTY,EMPTY,59.32,58.96,59.97,58.83,232.77K,1.32%
2025-12-02,"I am asking all America First Patriots in Tennessee’s 7th Congressional District to please GET OUT AND VOTE for a phenomenal Candidate and MAGA Warrior, Matt Van Epps! You can win this Election for Matt, who has my Complete and Total Endorsement. HE WILL BE A GREAT CONGRESSMAN",realDonaldTrump,58.64,59.52,59.67,58.28,255.51K,-1.15%
2025-12-03,EMPTY,EMPTY,58.95,58.65,59.64,58.37,260.97K,0.53%
2025-12-04,EMPTY,EMPTY,59.67,59.09,60.02,58.81,264.99K,1.22%
2025-12-05,EMPTY,EMPTY,60.08,59.7,60.5,59.42,255.08K,0.69%
2025-12-08,EMPTY,EMPTY,58.63,59.88,60.01,58.43,162.27K,-2.41%
2025-12-09,EMPTY,EMPTY,58.08,58.67,58.93,57.95,178.89K,-0.94%
2025-12-10,EMPTY,EMPTY,58.3,58.23,58.83,57.52,166.34K,0.38%
2025-12-11,EMPTY,EMPTY,57.45,58.72,58.76,56.85,193.56K,-1.46%
2025-12-12,EMPTY,EMPTY,57.24,57.74,58.01,56.97,186.59K,-0.37%
2025-12-15,EMPTY,EMPTY,56.82,57.5,57.8,56.4,229.31K,-0.73%
2025-12-16,EMPTY,EMPTY,55.27,56.68,56.7,54.98,230.93K,-2.73%
2025-12-17,EMPTY,EMPTY,55.94,55.23,56.98,55.2,125.61K,1.21%
2025-12-18,EMPTY,EMPTY,56.15,56.9,57.03,55.88,85.74K,0.38%
2025-12-19,EMPTY,EMPTY,56.66,56.03,56.9,55.82,196.88K,0.91%
2025-12-22,EMPTY,EMPTY,58.01,56.63,58.13,56.6,221.58K,2.38%
2025-12-23,"THE TRUMP KENNEDY CENTER HONORS will be broadcast tonight, on CBS, and Stream on Paramount+. Tune in at 8 P.M. EST! At the request of the Board, and just about everybody else in America, I am hosting the event. Tell me what you think of my “Master of Ceremony” abilities. If",realDonaldTrump,58.38,57.95,58.56,57.74,183.63K,0.64%
2025-12-24,EMPTY,EMPTY,58.35,58.47,58.75,58.13,111.76K,-0.05%
2025-12-25,"Merry Christmas to all, including the Radical Left Scum that is doing everything possible to destroy our Country, but are failing badly. We no longer have Open Borders, Men in Women’s Sports, Transgender for Everyone, or Weak Law Enforcement. What we do have is a Record Stock",realDonaldTrump,,,,,,
2025-12-26,EMPTY,EMPTY,56.74,58.35,58.88,56.65,166.67K,-2.76%
2025-12-29,EMPTY,EMPTY,58.08,57.04,58.3,56.91,178.59K,2.36%
2025-12-30,EMPTY,EMPTY,57.95,57.81,58.47,57.6,143.80K,-0.22%
2025-12-31,EMPTY,EMPTY,57.42,57.95,58.55,57.2,157.16K,-0.91%
2026-01-02,EMPTY,EMPTY,57.32,57.41,57.93,56.6,189.50K,-0.17%
2026-01-05,EMPTY,EMPTY,58.08,57.25,58.23,56.13,163.00K,1.33%
2026-01-06,EMPTY,EMPTY,56.94,58.1,58.6,56.66,187.86K,-1.96%
2026-01-07,EMPTY,EMPTY,55.99,57.0,57.17,55.76,383.13K,-1.67%
2026-01-08,EMPTY,EMPTY,57.76,56.42,58.74,55.97,334.13K,3.16%
2026-01-09,EMPTY,EMPTY,59.12,58.4,59.77,57.61,360.31K,2.35%
2026-01-12,EMPTY,EMPTY,59.32,58.89,59.72,58.32,282.48K,0.34%
2026-01-13,EMPTY,EMPTY,60.93,59.75,61.23,59.29,410.80K,2.71%
2026-01-14,EMPTY,EMPTY,62.02,61.12,62.36,59.19,410.26K,1.79%
2026-01-15,EMPTY,EMPTY,59.19,61.06,61.14,58.88,113.64K,-4.56%
2026-01-16,EMPTY,EMPTY,59.44,59.26,60.18,58.94,113.79K,0.42%
2026-01-18,EMPTY,EMPTY,58.97,58.98,59.18,58.86,,-0.79%
2026-01-19,EMPTY,EMPTY,59.39,59.43,59.56,58.57,120.74K,0.71%
2026-01-20,EMPTY,EMPTY,60.34,59.01,60.68,58.7,31.29K,1.60%
2026-01-21,EMPTY,EMPTY,60.62,59.57,60.89,59.22,333.06K,0.46%
2026-01-22,EMPTY,EMPTY,59.36,60.68,60.82,58.96,324.35K,-2.08%
2026-01-23,"COUNTDOWN: 7 Days until the World will witness an unforgettable, behind-the-scenes, look at one of the most important events of our time.

MELANIA: TWENTY DAYS TO HISTORY:
amazon.com/salp/melaniamo
…",realDonaldTrump,61.07,59.66,61.36,59.52,283.42K,2.88%
2026-01-24,I have been briefed on the Record Cold Wave and Historic Winter Storm that will be hitting much of the United States this weekend. The Trump Administration is coordinating with State and Local Officials. FEMA is fully prepared to respond. Stay Safe and Stay Warm! President DJT,realDonaldTrump,,,,,,
2026-01-26,"MELANIA, the Movie, is a MUST WATCH. Get your tickets today — Selling out, FAST!

Photo: Regine Mahaux
amazon.com/salp/melaniamo
…",realDonaldTrump,60.63,61.22,61.71,60.32,281.06K,-0.72%
2026-01-27,EMPTY,EMPTY,62.39,60.78,62.63,60.14,360.21K,2.90%
2026-01-28,EMPTY,EMPTY,63.21,62.58,63.57,62.07,354.86K,1.31%
2026-01-29,EMPTY,EMPTY,65.42,63.5,66.48,63.28,560.01K,3.50%
2026-01-30,EMPTY,EMPTY,65.21,65.52,66.11,63.64,449.33K,-0.32%
2026-01-31,"Last night I saw, “MELANIA,” for the second time. The audience loved it, and so do I. Check it out — A MUST SEE!",realDonaldTrump,,,,,,
2026-02-02,EMPTY,EMPTY,62.14,64.72,64.74,61.39,414.08K,-4.71%
2026-02-03,EMPTY,EMPTY,63.21,62.28,64.21,61.12,381.14K,1.72%
2026-02-04,EMPTY,EMPTY,65.14,63.8,65.53,62.86,446.59K,3.05%
2026-02-05,EMPTY,EMPTY,63.29,64.49,64.67,62.65,389.76K,-2.84%
2026-02-06,EMPTY,EMPTY,63.55,63.1,64.58,62.2,448.92K,0.41%
2026-02-09,EMPTY,EMPTY,64.2,62.81,64.64,62.44,195.24K,1.02%
2026-02-10,EMPTY,EMPTY,63.79,64.26,64.53,63.5,176.50K,-0.64%
2026-02-11,EMPTY,EMPTY,64.46,63.99,65.61,63.97,240.97K,1.05%
2026-02-12,EMPTY,EMPTY,62.65,64.71,64.93,62.23,251.47K,-2.81%
2026-02-13,EMPTY,EMPTY,62.75,62.81,63.09,62.0,208.19K,0.16%
2026-02-15,EMPTY,EMPTY,62.76,62.67,62.86,62.64,,0.02%
2026-02-16,EMPTY,EMPTY,63.57,63.56,63.69,62.36,59.16K,1.29%
2026-02-17,"""So should anyone aggress against you, assail him in the manner he assailed you.""
(Holy Quran, 2:194)",khamenei_ir,62.33,63.3,64.14,61.87,328.73K,-1.95%
2026-02-17,"Everything we had ever heard about their corruption is one thing; this affair of that morally corrupt island is another altogether. These are indicative of what Western civilization and liberal democracy are. They proceed for 200, 300 years and this is the ultimate outcome.",khamenei_ir,62.33,63.3,64.14,61.87,328.73K,-1.95%
2026-02-17,"If that’s the case, there is no room for negotiation; but if negotiations are truly to take place, determining the outcome of the negotiations in advance is a wrong and foolish act.",khamenei_ir,62.33,63.3,64.14,61.87,328.73K,-1.95%
2026-02-17,"The Americans say, ‘Let's negotiate over your nuclear energy, and the result of the negotiation is supposed to be that you do not have this energy!'",khamenei_ir,62.33,63.3,64.14,61.87,328.73K,-1.95%
2026-02-17,"This island of corruption is only one example. There is much more of this. Just as this was not apparent and then became exposed, there are many other things that will soon come to light.",khamenei_ir,62.33,63.3,64.14,61.87,328.73K,-1.95%
2026-02-18,EMPTY,EMPTY,65.19,62.3,65.56,62.12,115.38K,4.59%
2026-02-19,EMPTY,EMPTY,66.43,65.1,66.9,64.88,113.41K,1.90%
2026-02-20,EMPTY,EMPTY,66.39,66.67,67.05,65.94,27.42K,-0.06%
2026-02-23,EMPTY,EMPTY,66.31,65.89,67.28,65.38,270.37K,-0.12%
2026-02-24,EMPTY,EMPTY,65.63,66.31,67.15,65.55,312.12K,-1.03%
2026-02-25,EMPTY,EMPTY,65.42,66.07,66.6,65.12,306.78K,-0.32%
2026-02-26,EMPTY,EMPTY,65.21,65.65,66.71,63.6,498.54K,-0.32%
2026-02-27,EMPTY,EMPTY,67.02,65.35,67.83,64.85,437.05K,2.78%
2026-02-28,"Iran Foreign Minister holds phone call with Russian counterpart 

Following the military aggression by the United States and the Zionist regime against #Iran, Foreign Minister Seyed Abbas Araghchi held a telephone conversation this afternoon with Sergey Lavrov, Foreign Minister",IRIMFA_EN,,,,,,
2026-02-28,"Iran Requests UN Action Against Israeli and U.S. Aggression 

Seyed Abbas Araghchi, Iran’s Foreign Minister, in a letter addressed to António Guterres, Secretary-General of the #UnitedNations, and James Kariuki, President of the UN #SecurityCouncil, strongly condemned the",IRIMFA_EN,,,,,,
2026-03-01,"Condolence message by Seyed Abbas Araghchi, Minister of Foreign Affairs of the Islamic Republic of Iran, on the martyrdom of Ayatollah #Khamenei, Leader of the Islamic Revolution of Iran 

بِسْمِ اللَّهِ الرَّحْمَنِ الرَّحِيمِ 

«مِّنَ الْمُؤْمِنِينَ رِجَالٌ صَدَقُوا مَا",IRIMFA_EN,,,,,,
2026-03-01,"The Supreme Leader, Ayatollah Seyyed Ali #Khamenei, lived a pious life, loved #Iran, secured Iran's independence, opposed foreign domination, and worked tirelessly for our country's resilience and fortitude.

His last phase of life—an honorable and dignified death as a martyr on",IRIMFA_EN,,,,,,
2026-03-01,"In the Name of God, the Compassionate, the Merciful

Among the faithful are men who fulfill what they have pledged to Allah: there are some among them who have fulfilled their pledge, and some of them who still wait, and they have not changed in the least (Holy Quran 33:23).",khamenei_ir,,,,,,
2026-03-02,EMPTY,EMPTY,71.23,75.0,75.33,69.2,881.33K,6.28%
2026-03-03,EMPTY,EMPTY,74.56,71.23,77.98,70.41,1.01M,4.67%
2026-03-04,EMPTY,EMPTY,74.66,74.74,77.23,73.28,617.82K,0.13%
2026-03-05,EMPTY,EMPTY,81.01,76.15,82.16,74.97,707.03K,8.51%
2026-03-06,"#Iran, #Cuba Foreign Ministers Hold Phone Talks on Regional Developments

Cuban Foreign Minister Bruno Rodríguez Parrilla held a telephone conversation on Thursday evening with Iran’s Foreign Minister Seyed Abbas Araghchi to discuss the latest regional developments and the",IRIMFA_EN,90.9,79.08,92.61,78.24,996.25K,12.21%
2026-03-06,"Foreign Ministry Spokesperson Recalls a saying of Imam Ali (peace be upon him):

“If the mountains are uprooted from their places, remain steadfast and firm. Clench your teeth, lend your skull to God, drive your feet into the ground like nails, fix your gaze on the far end of the",IRIMFA_EN,90.9,79.08,92.61,78.24,996.25K,12.21%
2026-03-06,"Iran FM talks to Azerbaijani counterpart, denies launching projectiles toward #Nakhchivan

Seyed Abbas Araghchi, Foreign Minister of the Islamic Republic of Iran, held a phone conversation with Jeyhun Bayramov, Foreign Minister of the Republic of #AzerbaijanAttack.
Iran’s Foreign",IRIMFA_EN,90.9,79.08,92.61,78.24,996.25K,12.21%
2026-03-06,"Iranian Foreign Minister Holds Phone Talks with Malaysian PM on Regional Developments

Anwar Ibrahim, Prime Minister of #Malaysia, held a telephone conversation with Seyed Abbas Araghchi, Foreign Minister of the Islamic Republic #Iran, to discuss regional developments following",IRIMFA_EN,90.9,79.08,92.61,78.24,996.25K,12.21%
2026-03-06,"Iran’s Foreign Minister Holds Phone Talks with Indian, Sri Lankan Counterparts on Regional Developments

Seyed Abbas Araghchi, Foreign Minister of the Islamic Republic of #Iran, held separate telephone conversations with Subrahmanyam Jaishankar, Foreign Minister of #India, and",IRIMFA_EN,90.9,79.08,92.61,78.24,996.25K,12.21%
2026-03-06,"The Zionist regime has made a big mistake, and its consequences will make the regime desperate, by God's grace.",khamenei_ir,90.9,79.08,92.61,78.24,996.25K,12.21%
2026-03-07,"Statement

In the Name of God, the Most Gracious, the Most Merciful 

The joint military aggression by the #ZionistRegime and the #UnitedStates of America against the Islamic Republic of Iran, which began on February 28, 2026, with the martyrdom of the Supreme Leader of the",IRIMFA_EN,,,,,,
2026-03-09,EMPTY,EMPTY,91.48,91.91,113.41,79.0,749.52K,0.64%
2026-03-10,"#Iran, #Turkey FMs discuss regional developments in phone call

Seyyed Abbas Araghchi, Minister of Foreign Affairs of the Islamic Republic of Iran, held a telephone conversation with Hakan Fidan, Minister of Foreign Affairs of Turkey, regarding regional developments and the",IRIMFA_EN,82.1,83.0,88.49,75.64,546.03K,-10.25%
2026-03-10,"Iranian, Egyptian Foreign Ministers Discuss Regional Tensions in Phone Call

Seyed Abbas Araghchi, Minister of Foreign Affairs of the Islamic Republic of #Iran, and Badr Abdelatty, Minister of Foreign Affairs of #Egypt, discussed regional developments following the aggression by",IRIMFA_EN,82.1,83.0,88.49,75.64,546.03K,-10.25%
2026-03-10,"Island of oppression & corruption 

They’ve created an island for corruption. Is that a joke? Moral corruption, corruption in actions, oppression, force, coercion, interference, and clawing at whatever they can get their hands on. 

#EpsteinFiles",khamenei_ir,82.1,83.0,88.49,75.64,546.03K,-10.25%
2026-03-11,"Iran FM, UN Secretary-General hold telephone conversation 

Seyed Abbas Araghchi, Minister of Foreign Affairs of the Islamic Republic of Iran, and António Guterres, Secretary-General of the United Nations, discussed and exchanged views in a telephone conversation regarding the",IRIMFA_EN,86.07,85.11,87.32,80.6,401.37K,4.84%
2026-03-11,"Iranian, Indian Foreign Ministers Discuss Regional Developments in Phone Call

Subrahmanyam Jaishankar, Minister of Foreign Affairs of India, held a phone conversation with Seyed Abbas Araghchi, Minister of Foreign Affairs of the Islamic Republic of Iran, during which they",IRIMFA_EN,86.07,85.11,87.32,80.6,401.37K,4.84%
2026-03-11,"Iranian, Russian Foreign Ministers Discuss Regional Developments, Consequences of US-Israeli Aggression

Seyed Abbas Araghchi, Minister of Foreign Affairs of the Islamic Republic of Iran, held a telephone conversation with Sergey Lavrov, Minister of Foreign Affairs of Russia,",IRIMFA_EN,86.07,85.11,87.32,80.6,401.37K,4.84%
2026-03-12,"Iran condemns US-Zionist aggression on #Iraq's Al-Qaim crossing 

Esmail Baghaei, Spokesperson for the Ministry of Foreign Affairs, strongly condemned the American-Zionist military aggression against Iraq, which targeted the Al-Qaim border crossing, resulting in the martyrdom and",IRIMFA_EN,94.43,87.46,95.68,87.18,448.29K,9.71%
2026-03-13,"#Iran, #India FMs discuss fegional fallout from US-Israeli aggression 

In a telephone conversation, Iranian Foreign Minister Seyed Abbas Araghchi and his Indian counterpart, Subrahmanyam Jaishankar, discussed regional and international developments. 

Araghchi briefed the Indian",IRIMFA_EN,96.84,95.52,97.31,91.09,307.93K,2.55%
2026-03-14,"Iranian, Sri Lankan Foreign Ministers discuss regional developments in phone call 

Seyed Abbas Araghchi, Minister of Foreign Affairs of the Islamic Republic of #Iran, held a telephone conversation on Friday evening with Vijitha Herath, Minister of Foreign Affairs of #SriLanka.",IRIMFA_EN,,,,,,
2026-03-15,"The US’s interference in various parts of the world is one of the factors that’s causing it to become more isolated and detested in the world day by day.

Nov. 27, 2025",khamenei_ir,,,,,,
2026-03-16,EMPTY,EMPTY,93.5,100.93,102.44,92.93,455.45K,-3.45%
2026-03-17,"#Minab: When the world’s most precise missile chose a classroom:

Targeting a school and the mass killing of children are war crimes, and those responsible need to be held to account.",IRIMFA_EN,96.21,94.41,98.42,93.83,308.43K,2.90%
2026-03-17,"Crossing names off the list is good - doing it shoulder to shoulder with our American friends is even better.

Good to see Ambassador 
@GovMikeHuckabee
. Always a pleasure.",netanyahu,96.21,94.41,98.42,93.83,308.43K,2.90%
2026-03-17,"I'm here with Israel's Defense Minister, our Chief of Staff, the head of the Mossad, the Chief of Air Force, our senior commanders. In the past 24 hours, we knocked out two of the terrorist chieftains, the top terrorist chieftains of this tyranny.

Our aircraft are hitting the",netanyahu,96.21,94.41,98.42,93.83,308.43K,2.90%
2026-03-18,"Since the Islamic Republic of #Iran relies on the people, it doesn’t fear the US or any other Arrogant Power whatsoever.

Nov. 14, 2000",khamenei_ir,96.32,96.0,100.55,91.96,157.22K,0.11%
2026-03-19,EMPTY,EMPTY,96.14,99.13,101.48,92.8,118.72K,-0.19%
2026-03-20,"Sara and I were deeply saddened to hear of the passing of Chuck Norris, a great friend of Israel and a close personal friend.

Chuck brought martial arts and the warmth of his character to millions around the world.

May his memory be a blessing.",netanyahu,98.32,95.0,99.67,93.42,33.11K,2.27%
2026-03-20,"קיימתי היום הערכת מצב ביטחונית בפיקוד המרכז.

שיבחתי את פעילות צה״ל, שב״כ ומשטרת ישראל במסגרת המערכה ״שאגת הארי״. ציינתי כי מתחילת ״מלחמת התקומה״ חל שינוי משמעותי בשטח, שהתבטא בירידה דרמטית בפיגועים.

גיניתי בתוקף את מי שמגנה את מפקדי צה״ל שפועלים יומם ולילה למען ביטחון ישראל וכל",netanyahu,98.32,95.0,99.67,93.42,33.11K,2.27%
2026-03-21,"זהו ערב קשה מאוד במערכה על עתידנו. לפני זמן קצר שוחחתי עם ראש עיריית ערד, יאיר מעיין, וביקשתי למסור בשם כל אזרחי ישראל את תפילותינו לשלום הפצועים.

הנחתי את מנכ""לית משרדי להגיש את מלוא הסיוע הנדרש יחד עם כל משרדי הממשלה.

אני מחזק את כוחות החירום וההצלה שפועלים כעת בשטח ואני קורא",netanyahu,,,,,,
2026-03-22,"If the enemy strikes us one blow, they'll receive 10. 
June 4, 2018",khamenei_ir,,,,,,
2026-03-22,"Iran has proven again in the last 48 hours that it is the enemy of civilization and a danger to the free world: targeting children, families, and the elderly with terror missiles, threatening Jerusalem’s holy sites, launching long-range missiles, and trying to blackmail the world",netanyahu,,,,,,
2026-03-22,"הגעתי היום לזירות בערד ובדימונה – את מה שנפגע אנחנו נשקם ונבנה ובגדול. אני מבקש מכם, אחיי ואחיותיי, אזרחי ישראל: הישמעו להנחיות פיקוד העורף והיכנסו למרחבים המוגנים בעת ההתרעה. בעזרת השם, נשמור כולנו על נפשותינו.

צילום: אבי אוחיון, לע״מ",netanyahu,,,,,,
2026-03-22,מהזירה בערד: מסר חשוב מאוד ממני אליכם >>,netanyahu,,,,,,
2026-03-23,"REVEALED: Two missiles launched last night by the Iranian terrorist regime towards Israel—fell in Lebanese territory

Hezbollah decided to join the Iranian terror regime in its attacks against Israel, putting the lives of Lebanese civilians and the entire State of Lebanon at",IDF,88.13,100.51,101.67,84.37,666.79K,-10.36%
2026-03-23,"STRUCK: Several Iranian terror regime headquarters in Tehran 

Dozens of IAF fighter jets used 100+ munitions in the strikes that targeted:

• A Quds Force base used as a command post for coordinating and overseeing intelligence & operational activity
• An IRGC aerial defense",IDF,88.13,100.51,101.67,84.37,666.79K,-10.36%
2026-03-23,"מוקדם יותר היום שוחחתי עם ידידנו הנשיא טראמפ. 

הנשיא טראמפ מאמין שיש סיכוי למנף את ההישגים הכבירים שהשגנו עם צבא ארה""ב, כדי לממש את יעדי המלחמה בהסכם - הסכם שישמור על האינטרסים החיוניים שלנו. 

במקביל, אנחנו ממשיכים לתקוף גם באיראן וגם בלבנון. אנחנו כותשים את תוכנית הטילים",netanyahu,88.13,100.51,101.67,84.37,666.79K,-10.36%
2026-03-24,"3,000+ strikes across Iran since the start of Operation Roaring Lion

Yesterday, the IDF targeted IRGC command centers, weapons storage facilities, and aerial defense systems. 

Overnight, an additional 50+ targets were struck, including ballistic missile storage and launch",IDF,92.35,88.78,93.36,86.34,420.07K,4.79%
2026-03-24,"A ballistic missile fired by the Iranian Regime fell in Beirut following multiple launches directed toward Israel.  

Once again, the Iranian regime shows it doesn’t care who gets hurt in its efforts to target Israel.",IDF,92.35,88.78,93.36,86.34,420.07K,4.79%
2026-03-24,Corrected map:,IDF,92.35,88.78,93.36,86.34,420.07K,4.79%
2026-03-24,"ELIMINATED: Muhammad Ali Kourani, a Quds Force terrorist who was advancing terror attacks directed by Iranian intelligence officials from within Lebanon.

As long as Iranian intelligence elements continue to operate and advance terror attacks from within Lebanese territory, the",IDF,92.35,88.78,93.36,86.34,420.07K,4.79%
2026-03-24,"STRUCK: Iran’s central explosives production facility in Isfahan, used by the regime to develop materials for weapons.

The site had been previously targeted, and recent efforts to restore its capabilities were identified.

In parallel, dozens of additional targets were struck,",IDF,92.35,88.78,93.36,86.34,420.07K,4.79%
2026-03-24,"WATCH: IDF troops continue targeted ground operations in southern Lebanon 

Troops eliminated 8 terrorists and dismantled an underground shaft. Dozens of weapons were found in the shaft, including anti-tank rockets, Kalashnikov rifles, machine guns & grenades.",IDF,92.35,88.78,93.36,86.34,420.07K,4.79%
2026-03-25,"Hezbollah has launched ~120 rockets from within the city of Tyre, Lebanon 

Hezbollah has deliberately embedded itself and its terrorist infrastructure near Lebanese civilian populations, using them as human shields and endangering the lives of residents.",IDF,90.32,88.49,91.73,86.46,405.17K,-2.20%
2026-03-25,"STRUCK: 2 key naval cruise missile production sites in Tehran.

IAF fighter jets targeted facilities used by the Iranian regime to develop and manufacture long-range naval cruise missiles capable of destroying targets at sea and on land.",IDF,90.32,88.49,91.73,86.46,405.17K,-2.20%
2026-03-25,"E15 and E10 fuel standards have been waived by 
@epaleezeldin
, providing Americans with relief at the gas pumps and fortifying the national fuel supply.",WhiteHouse,90.32,88.49,91.73,86.46,405.17K,-2.20%
2026-03-25,"ICE agents are stepping up to ease airport disruptions as the Democrats’ DHS shutdown hits day 40—leaving Americans to pay the price.
@SenSchumer
 should be ashamed.",WhiteHouse,90.32,88.49,91.73,86.46,405.17K,-2.20%
2026-03-25,MORE,WhiteHouse,90.32,88.49,91.73,86.46,405.17K,-2.20%
2026-03-25,"No ceremony is more important.

The Medal of Honor is the highest tribute to American valor — the strongest, the bravest, and the finest among us.",WhiteHouse,90.32,88.49,91.73,86.46,405.17K,-2.20%
2026-03-25,PROTECT AMERICA!,WhiteHouse,90.32,88.49,91.73,86.46,405.17K,-2.20%
2026-03-25,Pass the SAVE America Act and SAVE AMERICA'S ELECTIONS.,WhiteHouse,90.32,88.49,91.73,86.46,405.17K,-2.20%
2026-03-25,"Press Secretary Karoline Leavitt Briefs Members of the Media, Mar. 25, 2026",WhiteHouse,90.32,88.49,91.73,86.46,405.17K,-2.20%
2026-03-25,"Today, we honor those awarded our nation’s highest military distinction, the Medal of Honor.

Their extraordinary bravery and sacrifice will forever stand as a testament to the strength of the American spirit.",WhiteHouse,90.32,88.49,91.73,86.46,405.17K,-2.20%
2026-03-25,"#Zakharova: Investigators concluded the Crocus attack was planned in the interests of the Kiev regime, which normalizes such methods

Case in point: bars in Ukraine are glorifying terrorists, mocking the memory of the victims [in their quintessential Neo-Nazi Ukrainian style]",mfa_russia,90.32,88.49,91.73,86.46,405.17K,-2.20%
2026-03-25,"#Zakharova: Nearly all perpetrators of the Khatyn massacre, including members of the 118th Ukrainian Police Battalion, were brought to justice.

Only those who fled to the Western occupation zone and later lived in the US and Canada escaped accountability.",mfa_russia,90.32,88.49,91.73,86.46,405.17K,-2.20%
2026-03-25,"#Zakharova: On March 22, 2024, one of the bloodiest terrorist attacks  in recent history — the Crocus tragedy — was perpetrated.

We mourn with the victims’ families. 

Four perpetrators of the attack and their 11 accomplices were sentenced to life imprisonment.",mfa_russia,90.32,88.49,91.73,86.46,405.17K,-2.20%
2026-03-25,"#Zakharova: On March 23, an agreement was signed to build a nuclear power plant in #Vietnam with the participation of 
@rosatom
.

#Rosatom is building 41 power units across 11 countries.

 This project will strengthen Vietnam’s energy security.",mfa_russia,90.32,88.49,91.73,86.46,405.17K,-2.20%
2026-03-25,"#Zakharova: The US & the Republic of Korea have held another round of joint military drills – Freedom Shield.

These manoeuvres are nothing less than open preparations for war.

 Such military activity does absolutely nothing to reduce tensions on the Korean Peninsula.",mfa_russia,90.32,88.49,91.73,86.46,405.17K,-2.20%
2026-03-25,"#Zakharova: This year, Russia’s most famous theatre – 
@BolshoiOfficial
 – marks its 250th anniversary.

Carefully preserving tradition while embracing new directions, the #Bolshoi showcases Russian art on the world’s leading stages & remains a pillar of global musical culture.",mfa_russia,90.32,88.49,91.73,86.46,405.17K,-2.20%
2026-03-25,"#Zakharova: We support the priorities for #BRICS work in 2026 as set out by our Indian friends.

 We count on continued progress on Russian initiatives, including the creation of cross-border payment, settlement & depository infrastructure.",mfa_russia,90.32,88.49,91.73,86.46,405.17K,-2.20%
2026-03-25,"Russia's President Vladimir #Putin to Prime Minister of Vietnam 
@DPMPhamBinhMinh
.

 Vietnam has been and remains our reliable partner and friend. Our relations have stood the test of time.
t.me/MFARussia/28866",mfa_russia,90.32,88.49,91.73,86.46,405.17K,-2.20%
2026-03-26,EMPTY,EMPTY,94.13,90.99,94.83,90.97,187.16K,4.22%
